MacAddress,Description
28-00-AF-4A-4E-F7,HNLT0177 LAN
28-00-AF-4A-4E-FD,HNLT0180 LAN
28-00-AF-4A-4E-C5,HNLT0170 LAN
28-00-AF-4A-4E-B8,HNLT0175 LAN
28-00-AF-4A-4A-4C,HNLT0145 LAN
28-00-AF-4A-4E-FC,HNLT0158 LAN
28-00-AF-4A-4E-DA,HNLT0181 LAN
28-00-AF-4A-4E-B9,HNLT0183 LAN
28-00-AF-4A-4F-0B,HNLT0167 LAN
28-00-AF-4A-4E-E3,HNLT0184 LAN
28-00-AF-4A-4E-D7,HNLT0164 LAN
28-00-AF-4A-4E-BD,HNLT0148 LAN
28-00-AF-4A-4E-CE,HNLT0136 LAN
28-00-AF-4A-4A-46,HNLT0163 LAN
28-00-AF-4A-4E-D9,HNLT0153 LAN
28-00-AF-4A-4D-68,HNLT0171 LAN
28-00-AF-4A-4E-F5,HNLT0186 LAN
28-00-AF-4A-4E-A4,HNLT0140 LAN
28-00-AF-4A-4E-F8,HNLT0143 LAN
28-00-AF-4A-4E-AF,HNLT0160 LAN
28-00-AF-4A-4E-E2,HNLT0147 LAN
28-00-AF-4A-4E-CC,HNLT0165 LAN
28-00-AF-4A-4E-AE,HNLT0135 LAN
28-00-AF-4A-4E-F4,HNLT0185 LAN
28-00-AF-4A-4E-D8,HNLT0131 LAN
28-00-AF-4A-4E-E4,HNLT0144 LAN
28-00-AF-4A-4E-DD,HNLT0168 LAN
28-00-AF-4A-4E-F6,HNLT0152 LAN
28-00-AF-4A-4E-E9,HNLT0162 LAN
28-00-AF-4A-4A-47,HNLT0166 LAN
28-00-AF-4A-4D-65,HNLT0155 LAN
28-00-AF-4A-4E-DB,HNLT0172 LAN
28-00-AF-4A-4E-C4,HNLT0142 LAN
28-00-AF-4A-4E-CD,HNLT0146 LAN
28-00-AF-4A-4D-61,HNLT0179 LAN
28-00-AF-4A-4B-22,HNLT0139 LAN
28-00-AF-4A-4D-2D,HNLT0161 LAN
28-00-AF-4A-4E-F9,HNLT0132 LAN
28-00-AF-4A-4E-C0,HNLT0174 LAN
28-00-AF-4A-4E-F1,HNLT0156 LAN
28-00-AF-4A-4F-0D,HNLT0138 LAN
28-00-AF-4A-4E-EA,HNLT0173 LAN
28-00-AF-4A-4D-48,HNLT0134 LAN
28-00-AF-4A-4E-DC,HNLT0169 LAN
28-00-AF-4A-4E-CF,HNLT0159 LAN
28-00-AF-4A-4E-E5,HNLT0133 LAN
28-00-AF-4A-4E-D4,HNLT0188 LAN
28-00-AF-4A-4E-E8,HNLT0149 LAN
28-00-AF-4A-4E-F0,HNLT0178 LAN
28-00-AF-4A-4E-A5,HNLT0187 LAN
28-00-AF-4A-4E-BE,HNLT0151 LAN
28-00-AF-4A-4E-BF,HNLT0157 LAN
28-00-AF-4A-4F-0A,HNLT0137 LAN
28-00-AF-4A-4D-85,HNLT0176 LAN
28-00-AF-4A-4A-56,HNLT0154 LAN
28-00-AF-4A-4D-7B,HNLT0141 LAN
28-00-AF-4A-4E-D6,HNLT0182 LAN
A0-B3-39-AD-F5-FC,HNLT0177
A0-B3-39-30-E0-DF,HNLT0180
A0-B3-39-AF-91-4B,HNLT0170
A0-B3-39-30-E1-9D,HNLT0175
A0-B3-39-AD-F5-CF,HNLT0145
A0-B3-39-30-E1-ED,HNLT0158
A0-B3-39-30-E1-66,HNLT0181
A0-B3-39-30-E1-4D,HNLT0183
A0-B3-39-AD-EE-72,HNLT0167
A0-B3-39-30-E1-98,HNLT0184
A0-B3-39-30-E0-D5,HNLT0164
A0-B3-39-30-E1-C0,HNLT0148
A0-B3-39-30-E1-48,HNLT0136
A0-B3-39-AD-F5-CA,HNLT0163
A0-B3-39-30-E1-8E,HNLT0153
A0-B3-39-AD-F5-DE,HNLT0171
A0-B3-39-30-E1-F7,HNLT0186
A0-B3-39-30-CF-CD,HNLT0140
A0-B3-39-30-E2-01,HNLT0143
A0-B3-39-30-E1-E3,HNLT0160
A0-B3-39-30-E1-93,HNLT0147
A0-B3-39-30-E2-4C,HNLT0165
A0-B3-39-30-E2-56,HNLT0135
A0-B3-39-30-E1-75,HNLT0185
A0-B3-39-AE-1A-00,HNLT0131
A0-B3-39-30-E2-06,HNLT0144
A0-B3-39-30-DE-D2,HNLT0168
A0-B3-39-AD-F6-E2,HNLT0152
A0-B3-39-30-E2-60,HNLT0162
A0-B3-39-AD-F5-E8,HNLT0166
A0-B3-39-AD-F6-DD,HNLT0155
A0-B3-39-30-E1-7F,HNLT0172
A0-B3-39-30-CF-37,HNLT0142
A0-B3-39-30-E2-FB,HNLT0146
A0-B3-39-AD-F6-0B,HNLT0179
A0-B3-39-AD-F5-D4,HNLT0139
A0-B3-39-A6-F0-4A,HNLT0161
A0-B3-39-30-E2-38,HNLT0132
A0-B3-39-30-DE-DC,HNLT0174
A0-B3-39-30-E1-6B,HNLT0156
A0-B3-39-AD-F6-92,HNLT0138
A0-B3-39-AD-F6-7E,HNLT0173
A0-B3-39-AE-1A-5F,HNLT0134
A0-B3-39-30-CF-32,HNLT0169
A0-B3-39-30-E1-C5,HNLT0159
A0-B3-39-30-E2-5B,HNLT0133
A0-B3-39-30-E1-D9,HNLT0188
A0-B3-39-30-E0-B2,HNLT0149
A0-B3-39-30-E1-70,HNLT0178
A0-B3-39-30-E1-B6,HNLT0187
A0-B3-39-30-DF-8B,HNLT0151
A0-B3-39-30-DF-72,HNLT0157
A0-B3-39-AD-F5-C5,HNLT0137
A0-B3-39-A6-EF-FA,HNLT0176
A0-B3-39-AD-F6-B5,HNLT0154
A0-B3-39-AE-1A-87,HNLT0141
A0-B3-39-30-E1-5C,HNLT0182
